-- phpMyAdmin SQL Dump
-- version 4.5.5.1
-- http://www.phpmyadmin.net
--
-- Host: 127.0.0.1
-- Generation Time: Oct 20, 2018 at 07:13 PM
-- Server version: 5.7.11
-- PHP Version: 5.6.19

SET SQL_MODE = "NO_AUTO_VALUE_ON_ZERO";
SET time_zone = "+00:00";


/*!40101 SET @OLD_CHARACTER_SET_CLIENT=@@CHARACTER_SET_CLIENT */;
/*!40101 SET @OLD_CHARACTER_SET_RESULTS=@@CHARACTER_SET_RESULTS */;
/*!40101 SET @OLD_COLLATION_CONNECTION=@@COLLATION_CONNECTION */;
/*!40101 SET NAMES utf8mb4 */;

--
-- Database: `epicdb`
--

-- --------------------------------------------------------

--
-- Table structure for table `admin`
--

CREATE TABLE `admin` (
  `adminName` varchar(15) NOT NULL,
  `adminPassword` varchar(30) NOT NULL,
  `adminLevel` varchar(30) NOT NULL
) ENGINE=InnoDB DEFAULT CHARSET=utf8;

--
-- Dumping data for table `admin`
--

INSERT INTO `admin` (`adminName`, `adminPassword`, `adminLevel`) VALUES
('admin1', 'admin123', 'superadmin'),
('admin2', 'admin123', 'admin');

-- --------------------------------------------------------

--
-- Table structure for table `company`
--

CREATE TABLE `company` (
  `companyID` int(11) NOT NULL,
  `companyEmail` varchar(50) NOT NULL,
  `companyTermsAndConditions` int(1) NOT NULL,
  `companyName` varchar(100) NOT NULL,
  `companyContact` int(15) NOT NULL,
  `companyContinent` varchar(100) NOT NULL,
  `companyCountry` varchar(100) NOT NULL,
  `companyState` varchar(100) NOT NULL,
  `companyDescription` varchar(500) NOT NULL,
  `companyPassword` varchar(50) NOT NULL,
  `companyLogo` mediumblob
) ENGINE=InnoDB DEFAULT CHARSET=utf8;

--
-- Dumping data for table `company`
--

INSERT INTO `company` (`companyID`, `companyEmail`, `companyTermsAndConditions`, `companyName`, `companyContact`, `companyContinent`, `companyCountry`, `companyState`, `companyDescription`, `companyPassword`, `companyLogo`) VALUES
(0, '', 0, 'not assigned', 0, '0', 'Myanmar', 'not assigned', 'not assigned', '', ''),
(1, '', 0, 'AA Pte Ltd', 0, '0', 'Myanmar', 'Shan', 'Here are AA Pte Ltd, we believe that only the best should be given to our customers.', 'test', ''),
(2, '', 0, 'BB Pte Ltd', 0, '0', 'Singapore', 'Singapore', 'Here are BB Pte Ltd, we believe that only the best should be given to our customers.', 'test', ''),
(3, '', 0, 'CC Pte Ltd', 0, '0', 'Malaysia', 'Kuala Lumpur', 'Here are CC Pte Ltd, we believe that only the best should be given to our customers.', 'test', ''),
(4, '', 0, 'DD Pte Ltd', 0, '0', 'China', 'Shanghai', 'Here are DD Pte Ltd, we believe that only the best should be given to our customers.', 'test', '');

-- --------------------------------------------------------

--
-- Table structure for table `countryinternship`
--

CREATE TABLE `countryinternship` (
  `countryName` varchar(100) NOT NULL,
  `countryContinent` varchar(100) NOT NULL
) ENGINE=InnoDB DEFAULT CHARSET=utf8;

--
-- Dumping data for table `countryinternship`
--

INSERT INTO `countryinternship` (`countryName`, `countryContinent`) VALUES
('Canada', 'America'),
('China', 'Asia'),
('Czech Republic', 'Europe'),
('Malaysia', 'Asia'),
('Myanmar', 'Asia'),
('New Zealand', 'Australia'),
('Singapore', 'Asia'),
('Thailand', 'Asia');

-- --------------------------------------------------------

--
-- Table structure for table `countrytrip`
--

CREATE TABLE `countrytrip` (
  `countryTripName` varchar(100) NOT NULL
) ENGINE=InnoDB DEFAULT CHARSET=utf8;

--
-- Dumping data for table `countrytrip`
--

INSERT INTO `countrytrip` (`countryTripName`) VALUES
('Malaysia'),
('Myanmar'),
('Singapore');

-- --------------------------------------------------------

--
-- Table structure for table `fieldofstudy`
--

CREATE TABLE `fieldofstudy` (
  `fieldOfStudyName` varchar(200) NOT NULL
) ENGINE=InnoDB DEFAULT CHARSET=utf8;

--
-- Dumping data for table `fieldofstudy`
--

INSERT INTO `fieldofstudy` (`fieldOfStudyName`) VALUES
('Accountancy'),
('Arts & Social Sciences'),
('Business'),
('Computing'),
('Dentistry'),
('Design & Environment'),
('Engineering'),
('History'),
('Hospitality & Tourism'),
('Law'),
('Medicine'),
('Music'),
('Others'),
('Science');

-- --------------------------------------------------------

--
-- Table structure for table `interest`
--

CREATE TABLE `interest` (
  `interestName` varchar(50) NOT NULL
) ENGINE=InnoDB DEFAULT CHARSET=utf8;

--
-- Dumping data for table `interest`
--

INSERT INTO `interest` (`interestName`) VALUES
('Academic & Business'),
('Nature & Culture'),
('Service & Social Innovation');

-- --------------------------------------------------------

--
-- Table structure for table `internship`
--

CREATE TABLE `internship` (
  `internshipID` int(11) NOT NULL,
  `internshipName` varchar(100) NOT NULL,
  `internshipApproval` varchar(100) NOT NULL DEFAULT '',
  `internshipFieldOfStudy` varchar(500) NOT NULL,
  `internshipDescription` varchar(1000) NOT NULL,
  `internshipStart` date NOT NULL,
  `internshipEnd` date NOT NULL,
  `internshipPay` decimal(13,2) NOT NULL,
  `internshipSupervisor` varchar(100) NOT NULL DEFAULT '',
  `internshipSupervisorEmail` varchar(100) NOT NULL DEFAULT '',
  `internshipVacancy` int(100) NOT NULL DEFAULT '0',
  `internshipPartnerID` int(11) NOT NULL DEFAULT '1',
  `internshipDatetime` varchar(40) DEFAULT ''
) ENGINE=InnoDB DEFAULT CHARSET=utf8;

--
-- Dumping data for table `internship`
--

INSERT INTO `internship` (`internshipID`, `internshipName`, `internshipApproval`, `internshipFieldOfStudy`, `internshipDescription`, `internshipStart`, `internshipEnd`, `internshipPay`, `internshipSupervisor`, `internshipSupervisorEmail`, `internshipVacancy`, `internshipPartnerID`, `internshipDatetime`) VALUES
(0, 'not assigned', 'not assigned', 'not assigned', 'not assigned', '2018-11-11', '2019-01-01', '0.00', 'not assigned', 'not assigned', 0, 0, '0000-00-00 00:00:00'),
(1, 'Data Analytics Intern', 'approved', 'Business, Accountancy', 'This intern position is within the Business Intelligence Department and will support the team with data analysis, model development, data visualizations and decision support for various departments.', '2018-11-11', '2019-11-11', '1000.00', 'Tommy Lau', 'tommy.lau@xwy.com', 3, 1, '2018-08-08 12:40:30, 2018-09-08 12:40:30'),
(2, 'Business and Science Intern', 'approved', 'Business, Science', 'This intern position is within the Business Science Department. Interns will have to conduct science experiments with a business angle, and acheive suitable actionable results for the company to take.', '2018-11-11', '2019-11-11', '1000.00', 'Tommy Lau', 'tommy.lau@xwy.com', 4, 1, '2018-08-08 12:40:30, 2018-09-08 12:40:30'),
(3, 'Music Assistant', 'approved', 'Music', 'Intern is required to have strong foundational knowledge in music. At least of Grade 5. Strong sight-reading skills is required.', '2018-11-11', '2019-11-11', '1000.00', 'Tommy Lau', 'tommy.lau@xwy.com', 2, 1, '2018-08-08 12:40:30, 2018-09-08 12:40:30'),
(4, 'Tour Guide Intern', 'pending', 'History, Hospitality & Tourism', 'Interns are expected to have strong command of knowledge with regards to important historical sites. Interns should be able to vocalise and impart knowledge effectively and clearly.', '2018-11-11', '2019-11-11', '1000.00', 'Tommy Lau', 'tommy.lau@xwy.com', 2, 1, '2018-08-08 12:40:30'),
(5, 'Robotics Discovery Intern', 'pending', 'Engineering', 'Intern is expected to be self-directed and self-motivated. Intern is expected to explore the different uses of robotics, and  how it can be applied into the daily life.', '2018-11-11', '2019-11-11', '1000.00', 'Bob Ma', 'bob.ma@xwy.com', 1, 2, '2018-08-08 12:40:30'),
(6, 'Archives Intern', 'pending', 'Law', 'Intern will be in charge of managing the Law archives. These includes retrieving appropriate texts, and opportunities to closely collaborate with full time lawyers building their cases.', '2018-11-11', '2019-11-11', '1000.00', 'Bob Ma', 'tommy.ma@xwy.com', 1, 2, '2018-08-08 12:40:30'),
(7, 'Nurse Intern', 'rejected', 'Medicine', 'Possess strong emotional strength. It is preferrable if intern is able to speak in dialect.', '2018-11-11', '2019-11-11', '1000.00', 'Mary Tan', 'mary.tan@xwy.com', 1, 3, '2018-08-08 12:40:30, 2018-09-08 12:40:30'),
(8, 'Machine Learning Intern', 'rejected', 'Computing', 'Intern is expected to be self-directed and motivated. Project requires strong foundational knowledge of Machine Learning concepts. ', '2018-11-11', '2019-11-11', '1000.00', 'Mary Tan', 'mary.tan@xwy.com', 2, 3, '2018-08-08 12:40:30, 2018-09-08 12:40:30'),
(9, 'English Researcher Intern', 'rejected', 'History', 'Interns will be researching into the history of words, and curating how the language has evolved overtime. If intern has the language capabilities, he/she might have the opportunity to collaborate in a research paper.', '2018-11-11', '2019-11-11', '1000.00', 'Sally Pi', 'sally.pi@xwy.com', 3, 4, '2018-08-08 12:40:30, 2018-09-08 12:40:30');

-- --------------------------------------------------------

--
-- Table structure for table `internshipstudent`
--

CREATE TABLE `internshipstudent` (
  `internshipID` int(11) NOT NULL,
  `internshipUserEmail` varchar(50) NOT NULL,
  `internshipStudentStatus` varchar(25) NOT NULL,
  `internshipStudentContinent` varchar(15) NOT NULL,
  `internshipStudentDatetime` varchar(210) NOT NULL,
  `internshipStudentDatetimeApplied` datetime NOT NULL,
  `internshipStudentLastUpdate` datetime NOT NULL
) ENGINE=InnoDB DEFAULT CHARSET=utf8;

--
-- Dumping data for table `internshipstudent`
--

INSERT INTO `internshipstudent` (`internshipID`, `internshipUserEmail`, `internshipStudentStatus`, `internshipStudentContinent`, `internshipStudentDatetime`, `internshipStudentDatetimeApplied`, `internshipStudentLastUpdate`) VALUES
(0, 'mediani.2015@sis.smu.edu.sg', '1, 3, 4', 'Asia', '2018-04-05 12:32:21, 2018-04-10 08:34:54, 2018-04-15 08:34:54', '2018-04-05 12:32:21', '2018-04-15 08:34:54'),
(0, 'rachael.low.2015@sis.smu.edu.sg', '1', 'Asia', '2018-10-02 12:32:21', '2018-10-02 12:32:21', '2018-10-02 12:32:21');

-- --------------------------------------------------------

--
-- Table structure for table `internshipstudentstatus`
--

CREATE TABLE `internshipstudentstatus` (
  `internshipStudentStatusID` int(2) NOT NULL,
  `internshipStudentStatusName` varchar(100) NOT NULL,
  `internshipStudentStatusAction` int(1) NOT NULL,
  `internshipStudentStatusCycle` varchar(10) NOT NULL
) ENGINE=InnoDB DEFAULT CHARSET=utf8;

--
-- Dumping data for table `internshipstudentstatus`
--

INSERT INTO `internshipstudentstatus` (`internshipStudentStatusID`, `internshipStudentStatusName`, `internshipStudentStatusAction`, `internshipStudentStatusCycle`) VALUES
(1, 'User submitted application - Admin to review application', 1, 'processing'),
(2, 'Application fails application review', 0, 'done'),
(3, 'Admin approves application - Send email with internship details for interest confirmation', 1, 'processing'),
(4, 'Sent interest email - Waiting for user reply', 2, 'processing'),
(5, 'Application withdrawn. No interview scheduled', 0, 'done'),
(6, 'User accepts - Send email to schedule interview', 1, 'processing'),
(7, 'Sent interview schedule email - Waiting for user reply', 2, 'processing'),
(8, 'User withdraws from scheduled interview', 0, 'done'),
(9, 'Interview scheduled - Pending interview', 2, 'processing'),
(10, 'Interview completed - Review interview', 1, 'processing'),
(11, 'Internship not offered', 0, 'done'),
(12, 'Internship offered - Pending user internship acceptance', 2, 'processing'),
(13, 'User rejects internship offer', 0, 'done'),
(14, 'User accepted internship offer', 3, 'done'),
(15, 'Internship Cancelled', 4, 'done');

-- --------------------------------------------------------

--
-- Table structure for table `payment`
--

CREATE TABLE `payment` (
  `paymentID` int(11) NOT NULL,
  `paymentMode` varchar(100) NOT NULL,
  `paymentType` varchar(100) NOT NULL,
  `paymentAmount` double NOT NULL,
  `paymentRefund` double DEFAULT NULL
) ENGINE=InnoDB DEFAULT CHARSET=utf8;

--
-- Dumping data for table `payment`
--

INSERT INTO `payment` (`paymentID`, `paymentMode`, `paymentType`, `paymentAmount`, `paymentRefund`) VALUES
(1, 'Visa', 'deposit', 10.9, 0),
(2, 'Mastercard', 'full amount', 99.4, 0);

-- --------------------------------------------------------

--
-- Table structure for table `trip`
--

CREATE TABLE `trip` (
  `tripID` int(11) NOT NULL,
  `tripTitle` varchar(100) NOT NULL,
  `tripPrice` double NOT NULL DEFAULT '0',
  `tripItinerary` varchar(100) DEFAULT '',
  `tripDescription` varchar(1000) NOT NULL,
  `tripCountry` varchar(100) NOT NULL,
  `tripState` varchar(100) NOT NULL,
  `tripStart` date DEFAULT NULL,
  `tripEnd` date DEFAULT NULL,
  `tripDuration` int(11) NOT NULL DEFAULT '0',
  `tripActivation` int(3) NOT NULL DEFAULT '0',
  `tripInterest` varchar(500) NOT NULL,
  `tripTotalSignUp` int(11) DEFAULT '0',
  `tripPromo` varchar(100) DEFAULT NULL,
  `tripPromoPercentage` double DEFAULT '0'
) ENGINE=InnoDB DEFAULT CHARSET=utf8;

--
-- Dumping data for table `trip`
--

INSERT INTO `trip` (`tripID`, `tripTitle`, `tripPrice`, `tripItinerary`, `tripDescription`, `tripCountry`, `tripState`, `tripStart`, `tripEnd`, `tripDuration`, `tripActivation`, `tripInterest`, `tripTotalSignUp`, `tripPromo`, `tripPromoPercentage`) VALUES
(1, 'Trip to Myanmar Oceans', 500, '', 'The beautiful Lake Inle will wait for no one. Enjoy the beauty before global warming mars it\'s beauty forever.', 'Myanmar', 'Shan', '2018-08-20', '2018-09-20', 30, 3, 'Nature and Culture, Academic and Business', 0, '20OFF', 0.2),
(2, ' Grad Trip', 300, '', 'Come join us at the amazing grad trip around Malaysia!', 'Malaysia', 'Johor', '2018-08-20', '2018-09-20', 30, 4, 'Academic and Business', 0, NULL, NULL),
(3, ' Winter Study Trip Customised', 100, '', 'This Winter Study Trip in SIngapore will just be amazing! Imagine WINTER in SINGAPORE. You must not miss this once in a life time opportunity!', 'Singapore', 'Singapore', '2018-08-20', '2018-09-20', 30, 4, 'Nature and Culture', 4, NULL, NULL);

-- --------------------------------------------------------

--
-- Table structure for table `tripstudent`
--

CREATE TABLE `tripstudent` (
  `tripUserEmail` varchar(50) NOT NULL,
  `tripStudentPaymentID` int(11) NOT NULL,
  `tripStudentStatus` varchar(100) DEFAULT '',
  `tripStudentReview` varchar(500) DEFAULT '',
  `tripStudentRating` int(1) DEFAULT NULL,
  `tripID` int(11) NOT NULL
) ENGINE=InnoDB DEFAULT CHARSET=utf8;

--
-- Dumping data for table `tripstudent`
--

INSERT INTO `tripstudent` (`tripUserEmail`, `tripStudentPaymentID`, `tripStudentStatus`, `tripStudentReview`, `tripStudentRating`, `tripID`) VALUES
('mediani.2015@sis.smu.edu.sg', 1, 'pending deposit payment', 'This is an excellent trip. I loved everything about it.', 2, 2),
('rachael.low.2015@sis.smu.edu.sg', 2, 'trip confirmed', '', 4, 2);

-- --------------------------------------------------------

--
-- Table structure for table `user`
--

CREATE TABLE `user` (
  `userEmail` varchar(50) NOT NULL,
  `userFirstName` varchar(50) NOT NULL,
  `userLastName` varchar(50) NOT NULL,
  `userPhone` int(15) NOT NULL,
  `userGender` varchar(1) NOT NULL,
  `userCitizenship` varchar(100) NOT NULL,
  `userDOB` year(4) NOT NULL,
  `userProfilePic` mediumblob,
  `userInterest` varchar(1000) DEFAULT NULL,
  `userPassword` varchar(50) NOT NULL,
  `userOccupation` varchar(100) NOT NULL,
  `userResume` mediumblob,
  `userIsEmailConfirm` varchar(10) NOT NULL DEFAULT 'pending',
  `userHighestEducation` varchar(100) NOT NULL,
  `userFieldOfStudy` varchar(1000) DEFAULT NULL,
  `userDescription` varchar(500) DEFAULT NULL,
  `userSchool` varchar(50) DEFAULT NULL
) ENGINE=InnoDB DEFAULT CHARSET=utf8;

--
-- Dumping data for table `user`
--

INSERT INTO `user` (`userEmail`, `userFirstName`, `userLastName`, `userPhone`, `userGender`, `userCitizenship`, `userDOB`, `userProfilePic`, `userInterest`, `userPassword`, `userOccupation`, `userResume`, `userIsEmailConfirm`, `userHighestEducation`, `userFieldOfStudy`, `userDescription`, `userSchool`) VALUES
('mediani.2015@sis.smu.edu.sg', 'Mediani', 'Law', 83036983, 'F', 'Singapore PR', 1996, NULL, 'Service & Social Innovation, Academic & Business', '1234', 'Student', NULL, 'pending', 'Bachelor Degree', 'Law', 'I love the exercise! It is my favourite thing. It makes me happy and beautiful.', 'SMU'),
('rachael.low.2015@sis.smu.edu.sg', 'Rachael', 'Low', 91234567, 'M', 'Algerian', 1995, NULL, 'Academic & Business', 'fyp1234', 'Student', NULL, 'confirmed', 'ITE', 'History', 'Weeee. The life of greatness and happiness is amazinggggg.', 'NTU'),
('suhailahs.2015@smu.edu.sg', 'Nurul', 'Suhailah', 81290722, 'F', 'Singaporean', 1993, NULL, 'Academic & Business, Nature & Culture', 'Ashrvf14', 'Student', NULL, 'pending', 'bachelor', 'Business', 'I love travelling.', 'Singapore Management University'),
('xiuwen.yeo@gmail.com', 'Xiu Wen', 'Yeo', 98769876, 'F', 'Singaporean', 1994, NULL, 'Nature & Culture', '1234', 'Student', NULL, 'pending', 'Postgraduate Diploma', 'Computing', 'I am really into helping others. When others feel happy, I feel happy too.', 'SMU'),
('yijing.oon.2015@smu.edu.sg', 'Yi Jing', 'Oon', 98766789, 'F', 'Singapore PR', 1993, NULL, 'Nature & Culture, Service & Social Innovation', 'oonyijing', 'Student', NULL, 'confirmed', 'Masters/Doctorate', 'Computing', 'Greatness is in the eye of the beholder. I believe with great power comes great responsibility.', 'NTU');

--
-- Indexes for dumped tables
--

--
-- Indexes for table `admin`
--
ALTER TABLE `admin`
  ADD PRIMARY KEY (`adminName`);

--
-- Indexes for table `company`
--
ALTER TABLE `company`
  ADD PRIMARY KEY (`companyID`);

--
-- Indexes for table `countryinternship`
--
ALTER TABLE `countryinternship`
  ADD PRIMARY KEY (`countryName`);

--
-- Indexes for table `countrytrip`
--
ALTER TABLE `countrytrip`
  ADD PRIMARY KEY (`countryTripName`);

--
-- Indexes for table `fieldofstudy`
--
ALTER TABLE `fieldofstudy`
  ADD PRIMARY KEY (`fieldOfStudyName`);

--
-- Indexes for table `interest`
--
ALTER TABLE `interest`
  ADD PRIMARY KEY (`interestName`);

--
-- Indexes for table `internship`
--
ALTER TABLE `internship`
  ADD PRIMARY KEY (`internshipID`),
  ADD KEY `internshippartnerid` (`internshipPartnerID`);

--
-- Indexes for table `internshipstudent`
--
ALTER TABLE `internshipstudent`
  ADD PRIMARY KEY (`internshipUserEmail`,`internshipStudentContinent`,`internshipStudentDatetimeApplied`),
  ADD KEY `internshipUserEmail` (`internshipUserEmail`),
  ADD KEY `internshipID` (`internshipID`);

--
-- Indexes for table `internshipstudentstatus`
--
ALTER TABLE `internshipstudentstatus`
  ADD PRIMARY KEY (`internshipStudentStatusID`);

--
-- Indexes for table `payment`
--
ALTER TABLE `payment`
  ADD PRIMARY KEY (`paymentID`);

--
-- Indexes for table `trip`
--
ALTER TABLE `trip`
  ADD PRIMARY KEY (`tripID`),
  ADD KEY `tripCountry` (`tripCountry`);

--
-- Indexes for table `tripstudent`
--
ALTER TABLE `tripstudent`
  ADD PRIMARY KEY (`tripUserEmail`,`tripID`,`tripStudentPaymentID`),
  ADD KEY `tripUserEmail` (`tripUserEmail`),
  ADD KEY `tripID` (`tripID`),
  ADD KEY `tripStudentPaymentID` (`tripStudentPaymentID`);

--
-- Indexes for table `user`
--
ALTER TABLE `user`
  ADD PRIMARY KEY (`userEmail`);

--
-- AUTO_INCREMENT for dumped tables
--

--
-- AUTO_INCREMENT for table `company`
--
ALTER TABLE `company`
  MODIFY `companyID` int(11) NOT NULL AUTO_INCREMENT, AUTO_INCREMENT=5;
--
-- AUTO_INCREMENT for table `internship`
--
ALTER TABLE `internship`
  MODIFY `internshipID` int(11) NOT NULL AUTO_INCREMENT, AUTO_INCREMENT=10;
--
-- AUTO_INCREMENT for table `payment`
--
ALTER TABLE `payment`
  MODIFY `paymentID` int(11) NOT NULL AUTO_INCREMENT, AUTO_INCREMENT=3;
--
-- AUTO_INCREMENT for table `trip`
--
ALTER TABLE `trip`
  MODIFY `tripID` int(11) NOT NULL AUTO_INCREMENT, AUTO_INCREMENT=4;
--
-- Constraints for dumped tables
--

--
-- Constraints for table `internship`
--
ALTER TABLE `internship`
  ADD CONSTRAINT `internshippartner_fk` FOREIGN KEY (`internshipPartnerID`) REFERENCES `company` (`companyID`) ON DELETE CASCADE ON UPDATE CASCADE;

--
-- Constraints for table `internshipstudent`
--
ALTER TABLE `internshipstudent`
  ADD CONSTRAINT `internshipstudent_fk1` FOREIGN KEY (`internshipUserEmail`) REFERENCES `user` (`userEmail`) ON DELETE CASCADE ON UPDATE CASCADE,
  ADD CONSTRAINT `internshipstudent_fk2` FOREIGN KEY (`internshipID`) REFERENCES `internship` (`internshipID`) ON DELETE CASCADE ON UPDATE CASCADE;

--
-- Constraints for table `trip`
--
ALTER TABLE `trip`
  ADD CONSTRAINT `tripcountry_fk1` FOREIGN KEY (`tripCountry`) REFERENCES `countrytrip` (`countryTripName`) ON DELETE CASCADE ON UPDATE CASCADE;

--
-- Constraints for table `tripstudent`
--
ALTER TABLE `tripstudent`
  ADD CONSTRAINT `tripstudent_fk1` FOREIGN KEY (`tripUserEmail`) REFERENCES `user` (`userEmail`) ON DELETE CASCADE ON UPDATE CASCADE,
  ADD CONSTRAINT `tripstudent_fk2` FOREIGN KEY (`tripID`) REFERENCES `trip` (`tripID`) ON DELETE CASCADE ON UPDATE CASCADE,
  ADD CONSTRAINT `tripstudent_fk3` FOREIGN KEY (`tripStudentPaymentID`) REFERENCES `payment` (`paymentID`) ON DELETE CASCADE ON UPDATE CASCADE;

/*!40101 SET CHARACTER_SET_CLIENT=@OLD_CHARACTER_SET_CLIENT */;
/*!40101 SET CHARACTER_SET_RESULTS=@OLD_CHARACTER_SET_RESULTS */;
/*!40101 SET COLLATION_CONNECTION=@OLD_COLLATION_CONNECTION */;
